"","Course Code","Course Name","Course Description","Credit Amount","Antirequisite","Prerequisite","Equivalency","Hours","Lecture","Lab","Seminar","Tutorial"
"1","DATA C8","Foundations of Data Science","Terms offered: Fall 2022, Summer 2022 8 Week Session, Spring 2022, Fall 2021, Summer 2021 8 Week Session, Fall 2020 Foundations of data science from three perspectives: inferential thinking, computational thinking, and real-world relevance. Given data arising from some real-world phenomenon, how does one analyze that data so as to understand that phenomenon? The course teaches critical concepts and skills in computer programming and statistical inference, in conjunction with hands-on analysis of real-world datasets, including economic data, document collections, geographical data, and social networks. It delves into social and legal issues surrounding data analysis, including issues of privacy and data ownership.",4,"Students will receive no credit for DATA C8\COMPSCI C8\INFO C8\STAT C8 after completing COMPSCI 8, or DATA 8. A deficient grade in DATA C8\COMPSCI C8\INFO C8\STAT C8 may be removed by taking COMPSCI 8, COMPSCI 8, or DATA 8.","This course may be taken on its own, but students are encouraged to take it concurrently with a data science connector course (numbered 88 in a range of departments)","COMPSCI C8/INFO C8/STAT C8"," 15 weeks - 3 hours of lecture and 2 hours of laboratory per week",TRUE,TRUE,FALSE,FALSE
"2","MATH 1A","Calculus","Terms offered: Fall 2022, Spring 2022, Fall 2021 This course is intended for STEM majors. An introduction to differential and integral calculus of functions of one variable, with applications and an introduction to transcendental functions.",4,"Students will receive no credit for MATH 1A after completing MATH N1A, MATH 16B, Math N16B or XMATH 1A. A deficient grade in MATH 1A may be removed by taking MATH N1A.","Three and one-half years of high school math, including trigonometry and analytic geometry. Students with high school exam credits (such as AP credit) should consider choosing a course more advanced than 1A",""," 15 weeks - 3 hours of lecture and 3 hours of discussion per week",TRUE,FALSE,FALSE,TRUE
"3","MATH 10A","Methods of Mathematics: Calculus, Statistics, and Combinatorics","Terms offered: Fall 2022, Fall 2021, Fall 2020 The sequence Math 10A, Math 10B is intended for majors in the life sciences. Introduction to differential and integral calculus of functions of one variable, ordinary differential equations, and matrix algebra and systems of linear equations.",4,"Students will receive no credit for Mathematics 10A after completing Mathematics N10A. A deficient grade in Math 10A may be removed by taking Math N10A.","Three and one-half years of high school math, including trigonometry and analytic geometry. Students who have not had calculus in high school are strongly advised to take the Student Learning Center's Math 98 adjunct course for Math 10A; contact the SLC for more information",""," 15 weeks - 3 hours of lecture and 3 hours of discussion per week",TRUE,FALSE,FALSE,TRUE
"4","MATH 16A","Analytic Geometry and Calculus","Terms offered: Fall 2022, Spring 2022, Fall 2021 Calculus of one variable; derivatives, definite integrals and applications, maxima and minima, and applications of the exponential and logarithmic functions. This course is intended for business and social science majors. (See also the Math 1 sequence.)",3,"Students will receive no credit for 16A after taking N16A, 1A, or N1A. A deficient grade in Math 16A may be removed by taking Math N16A.","Three years of high school math, including trigonometry. Consult the mathematics department for details",""," 15 weeks - 3 hours of lecture and 1.5 hours of discussion per week",TRUE,FALSE,FALSE,TRUE
"5","MATH 1B","Calculus","Terms offered: Fall 2022, Spring 2022, Fall 2021 Continuation of 1A. Techniques of integration; applications of integration. Infinite sequences and series. First-order ordinary differential equations. Second-order ordinary differential equations; oscillation and damping; series solutions of ordinary differential equations.",4,"Students will receive no credit for Math 1B after completing Math N1B, H1B, Xmath 1B. A deficient grade in MATH 1B may be removed by taking MATH N1B or MATH H1B.","1A or N1A",""," 15 weeks - 3 hours of lecture and 3 hours of discussion per week",TRUE,FALSE,FALSE,TRUE
"6","MATH 54","Linear Algebra and Differential Equations","Terms offered: Fall 2022, Spring 2022, Fall 2021 Basic linear algebra; matrix arithmetic and determinants. Vector spaces; inner product spaces. Eigenvalues and eigenvectors; orthogonality, symmetric matrices. Linear second-order differential equations; first-order systems with constant coefficients. Fourier series.",4,"Students will receive no credit for Math 54 after taking Math N54 or H54. A deficient grade in Math 54 may be removed by completing Math N54.","1B, N1B, 10B, or N10B",""," 15 weeks - 3 hours of lecture and 3 hours of discussion per week",TRUE,FALSE,FALSE,TRUE
"7","STAT 89A","Linear Algebra for Data Science","Terms offered: Spring 2022, Spring 2021, Spring 2020 An introduction to linear algebra for data science. The course will cover introductory topics in linear algebra, starting with the basics; discrete probability and how prob- ability can be used to understand high-dimensional vector spaces; matrices and graphs as popular mathematical structures with which to model data (e.g., as models for term-document corpora, high-dimensional regression problems, ranking/classification of web data, adjacency properties of social network data, etc.); and geometric approaches to eigendecompositions, least-squares, principal components analysis, etc.",4,"","One year of calculus. Prerequisite or corequisite: Foundations of Data Science (COMPSCI C8 / INFO C8 / STAT C8)",""," 15 weeks - 3 hours of lecture and 2 hours of laboratory per week",TRUE,TRUE,FALSE,FALSE
"8","EECS 16A","Designing Information Devices and Systems I","Terms offered: Fall 2022, Summer 2022 8 Week Session, Spring 2022 This course and its follow-on course EECS16B focus on the fundamentals of designing modern information devices and systems that interface with the real world. Together, this course sequence provides a comprehensive foundation for core EECS topics in signal processing, learning, control, and circuit design while introducing key linear-algebraic concepts motivated by application contexts. Modeling is emphasized in a way that deepens mathematical maturity, and in both labs and homework, students will engage computationally, physically, and visually with the concepts being introduced in addition to traditional paper/pencil exercises. The courses are aimed at entering students as well as non-majors seeking a broad foundation for the field.",4,"","MATH 1A and MATH 1B (1B may be taken concurrently); COMPSCI 61A (encouraged to be taken concurrently)",""," 15 weeks - 3 hours of lecture, 2 hours of discussion, and 3 hours of laboratory per week",TRUE,TRUE,FALSE,TRUE
"9","PHYSICS 89","Introduction to Mathematical Physics","Terms offered: Fall 2022, Spring 2022, Fall 2021 Complex numbers, linear algebra, ordinary differential equations, Fourier series and transform methods, introduction to partial differential equations, introduction to tensors. Applications to physics will be emphasized. This course or an equivalent course required for physics major.",4,"","Math 53; Physics 5A or 7A (can be taken concurrently) or instructor’s consent",""," 15 weeks - 3 hours of lecture and 2 hours of discussion per week",TRUE,FALSE,FALSE,TRUE
"10","COMPSCI 61A","The Structure and Interpretation of Computer Programs","Terms offered: Fall 2022, Summer 2022 8 Week Session, Spring 2022 An introduction to programming and computer science focused on abstraction techniques as means to manage program complexity. Techniques include procedural abstraction; control abstraction using recursion, higher-order functions, generators, and streams; data abstraction using interfaces, objects, classes, and generic operators; and language abstraction using interpreters and macros. The course exposes students to programming paradigms, including functional, object-oriented, and declarative approaches. It includes an introduction to asymptotic analysis of algorithms. There are several significant programming projects.",4,"Students will receive no credit for Computer Science 61A after completing Computer Science 47A or Computer Science 61AS. A deficient grade in Computer Science 61AS may be removed by taking Computer Science 61A.","MATH 1A (may be taken concurrently); programming experience equivalent to that gained from a score of 3 or above on the Advanced Placement Computer Science A exam",""," 15 weeks - 3 hours of lecture, 1.5 hours of discussion, and 1.5 hours of laboratory per week",TRUE,TRUE,FALSE,TRUE
"11","DATA C88C","Computational Structures in Data Science","Terms offered: Fall 2022 Development of Computer Science topics appearing in Foundations of Data Science (C8); expands computational concepts and techniques of abstraction. Understanding the structures that underlie the programs, algorithms, and languages used in data science and elsewhere. Mastery of a particular programming language while studying general techniques for managing program complexity, e.g., functional, object-oriented, and declarative programming. Provides practical experience with composing larger systems through several significant programming projects.",3,"Students will receive no credit for DATA C88C after completing COMPSCI 61A.","MATH 1A. Also, this course is a Data Science connector course and may only be taken concurrently with or after COMPSCI C8/DATA C8/INFO C8/STAT C8. Students may take more than one Data Science connector (88) course if they wish, concurrent with or after having taken the C8 course","COMPSCI C88C"," 15 weeks - 2 hours of lecture and 2 hours of laboratory per week",TRUE,TRUE,FALSE,FALSE
"12","COMPSCI C88C","Computational Structures in Data Science","Terms offered: Fall 2022 Development of Computer Science topics appearing in Foundations of Data Science (C8); expands computational concepts and techniques of abstraction. Understanding the structures that underlie the programs, algorithms, and languages used in data science and elsewhere. Mastery of a particular programming language while studying general techniques for managing program complexity, e.g., functional, object-oriented, and declarative programming. Provides practical experience with composing larger systems through several significant programming projects.",3,"Students will receive no credit for DATA C88C after completing COMPSCI 61A.","MATH 1A. Also, this course is a Data Science connector course and may only be taken concurrently with or after COMPSCI C8/DATA C8/INFO C8/STAT C8. Students may take more than one Data Science connector (88) course if they wish, concurrent with or after having taken the C8 course","DATA C88C"," 15 weeks - 2 hours of lecture and 2 hours of laboratory per week",TRUE,TRUE,FALSE,FALSE
"13","ENGIN 7","Introduction to Computer Programming for Scientists and Engineers","Terms offered: Fall 2022, Summer 2022 10 Week Session, Spring 2022 Elements of procedural and object-oriented programming. Induction, iteration, and recursion. Real functions and floating-point computations for engineering analysis. Introduction to data structures. Representative examples are drawn from mathematics, science, and engineering. The course uses the MATLAB programming language. Sponsoring departments: Civil and Environmental Engineering and Mechanical Engineering.",4,"Students will receive no credit for Engineering 7 after completing Engineering W7. A deficient grade in Engineering W7 may be repeated by taking Engineering 7.","MATH 1B (may be taken concurrently)",""," 15 weeks - 2 hours of lecture, 1 hour of discussion, and 4 hours of laboratory per week",TRUE,TRUE,FALSE,TRUE
"14","COMPSCI 61B","Data Structures","Terms offered: Fall 2022, Spring 2022, Fall 2021 Fundamental dynamic data structures, including linear lists, queues, trees, and other linked structures; arrays strings, and hash tables. Storage management. Elementary principles of software engineering. Abstract data types. Algorithms for sorting and searching. Introduction to the Java programming language.",4,"Students will receive no credit for COMPSCI 61B after completing COMPSCI 61BL, or COMPSCI 47B. A deficient grade in COMPSCI 61B may be removed by taking COMPSCI 61BL.","COMPSCI 61A, COMPSCI 88, or ENGIN 7",""," 15 weeks - 3 hours of lecture, 1 hour of discussion, and 2 hours of laboratory per week",TRUE,TRUE,FALSE,TRUE
"15","DATA C100","Principles & Techniques of Data Science","Terms offered: Fall 2022, Summer 2022 8 Week Session, Spring 2022, Fall 2021, Summer 2021 8 Week Session, Fall 2020 In this course, students will explore the data science lifecycle, including question formulation, data collection and cleaning, exploratory data analysis and visualization, statistical inference and prediction​, and decision-making.​ This class will focus on quantitative critical thinking​ and key principles and techniques needed to carry out this cycle. These include languages for transforming, querying and analyzing data; algorithms for machine learning methods including regression, classification and clustering; principles behind creating informative data visualizations; statistical concepts of measurement error and prediction; and techniques for scalable data processing.",4,"Students will receive no credit for DATA C100\STAT C100\COMPSCI C100 after completing DATA 100. A deficient grade in DATA C100\STAT C100\COMPSCI C100 may be removed by taking DATA 100.","COMPSCI C8 / DATA C8 / INFO C8 / STAT C8; and COMPSCI 61A, COMPSCI 88, or ENGIN 7; Corequisite: MATH 54 or EECS 16A","COMPSCI C100/STAT C100"," 15 weeks - 3 hours of lecture, 1 hour of discussion, and 1 hour of laboratory per week",TRUE,TRUE,FALSE,TRUE
"16","ASTRON 128","Astronomy Data Science Laboratory","Terms offered: Fall 2022, Spring 2021, Spring 2020 This course features 3 data-centric laboratory experiments that draw on a variety of tools used by professional astronomers. Students will learn to procure and clean data (drawn from a variety of world-class astronomical facilities), assess the fidelity/quality of data, build and apply models to describe data, learn statistical and computational techniques to analyze data (e.g., Bayesian inference, machine learning, parallel computing), and effectively communicate data and scientific results. There is a heavy emphasis on software development in the Python language, statistical techniques, and high-quality communication (e.g., written reports, oral presentations, and data visualization).",4,"","Astro 7A-7B; Mathematics 53; Mathematics 54 or Physics 89; Astro 160; Astro C161 (may be taken concurrently) and Data C8 or C100 (or equivalent level of fluency of the Python programming language)",""," 15 weeks - 3 hours of laboratory per week",FALSE,TRUE,FALSE,FALSE
"17","COMPSCI 161","Computer Security","Terms offered: Fall 2022, Summer 2022 8 Week Session, Spring 2022 Introduction to computer security. Cryptography, including encryption, authentication, hash functions, cryptographic protocols, and applications. Operating system security, access control. Network security, firewalls, viruses, and worms. Software security, defensive programming, and language-based security. Case studies from real-world systems.",4,"","COMPSCI 61C; and COMPSCI 70 or MATH 55",""," 15 weeks - 3 hours of lecture and 1 hour of discussion per week",TRUE,FALSE,FALSE,TRUE
"18","COMPSCI 162","Operating Systems and System Programming","Terms offered: Fall 2022, Summer 2022 8 Week Session, Spring 2022 Basic concepts of operating systems and system programming. Utility programs, subsystems, multiple-program systems. Processes, interprocess communication, and synchronization. Memory allocation, segmentation, paging. Loading and linking, libraries. Resource allocation, scheduling, performance evaluation. File systems, storage devices, I/O systems. Protection, security, and privacy.",4,"","COMPSCI 61B, COMPSCI 61C, and COMPSCI 70",""," 15 weeks - 3 hours of lecture and 1 hour of discussion per week",TRUE,FALSE,FALSE,TRUE
"19","COMPSCI 164","Programming Languages and Compilers","Terms offered: Fall 2022, Fall 2021, Fall 2020 Survey of programming languages. The design of modern programming languages. Principles and techniques of scanning, parsing, semantic analysis, and code generation. Implementation of compilers, interpreters, and assemblers. Overview of run-time organization and error handling.",4,"","COMPSCI 61B and COMPSCI 61C",""," 15 weeks - 3 hours of lecture and 1 hour of discussion per week",TRUE,FALSE,FALSE,TRUE
"20","COMPSCI 168","Introduction to the Internet: Architecture and Protocols","Terms offered: Fall 2022, Spring 2020, Fall 2018 This course is an introduction to the Internet architecture. We will focus on the concepts and fundamental design principles that have contributed to the Internet's scalability and robustness and survey the various protocols and algorithms used within this architecture. Topics include layering, addressing, intradomain routing, interdomain routing, reliable delivery, congestion control, and the core protocols (e.g., TCP, UDP, IP, DNS, and HTTP) and network technologies (e.g., Ethernet, wireless).",4,"","COMPSCI 61B and COMPSCI 162",""," 15 weeks - 3 hours of lecture and 1 hour of discussion per week",TRUE,FALSE,FALSE,TRUE
"21","COMPSCI 169","Software Engineering","Terms offered: Fall 2019, Spring 2019, Fall 2017 Ideas and techniques for designing, developing, and modifying large software systems. Function-oriented and object-oriented modular design techniques, designing for re-use and maintainability. Specification and documentation. Verification and validation. Cost and quality metrics and estimation. Project team organization and management. Students will work in teams on a substantial programming project.",4,"","COMPSCI 61B and COMPSCI 61C; COMPSCI 70 or MATH 113",""," 15 weeks - 3 hours of lecture and 1 hour of discussion per week",TRUE,FALSE,FALSE,TRUE
"22","COMPSCI 169A","Introduction to Software Engineering","Terms offered: Fall 2021 Ideas and techniques for designing, developing, and modifying large software systems. Service-oriented architecture, behavior-driven design with user stories, cloud computing, test-driven development, automated testing, cost and quality metrics for maintainability and effort estimation, practical performance and security in software operations, design patterns and refactoring, specification and documentation, agile project team organization and management.",4,"Students will receive no credit for COMPSCI 169A after completing COMPSCI 169, or COMPSCI W169A. A deficient grade in COMPSCI 169A may be removed by taking COMPSCI 169, or COMPSCI W169A.","COMPSCI 61A and COMPSCI 61B; COMPSCI 70 is recommended",""," 15 weeks - 3 hours of lecture and 1 hour of discussion per week",TRUE,FALSE,FALSE,TRUE
"23","COMPSCI W169A","Software Engineering","Terms offered: Summer 2021 8 Week Session, Fall 2020, Summer 2020 8 Week Session This course presents ideas and techniques for designing, developing, and modifying large software systems using Agile techniques and tools. Topics include: function-oriented and object-oriented modular design techniques, designing for re-use and maintainability including proper use of design patterns, behavior-driven design, test-driven development, user stories for requirements elicitation & documentation, verification and validation, cost and quality metrics and estimation, project team organization and management, analyzing and refactoring legacy code.",3,"Students will receive no credit for COMPSCI W169A after completing COMPSCI 169, or COMPSCI 169A. A deficient grade in COMPSCI W169A may be removed by taking COMPSCI 169, or COMPSCI 169A.","COMPSCI 61A and COMPSCI 61B",""," 15 weeks - 3 hours of web-based lecture and 1 hour of discussion per week",TRUE,FALSE,FALSE,TRUE
"24","COMPSCI 170","Efficient Algorithms and Intractable Problems","Terms offered: Fall 2022, Spring 2022, Fall 2021 Concept and basic techniques in the design and analysis of algorithms; models of computation; lower bounds; algorithms for optimum search trees, balanced trees and UNION-FIND algorithms; numerical and algebraic algorithms; combinatorial algorithms. Turing machines, how to count steps, deterministic and nondeterministic Turing machines, NP-completeness. Unsolvable and intractable problems.",4,"","COMPSCI 61B and COMPSCI 70",""," 15 weeks - 3 hours of lecture and 1 hour of discussion per week",TRUE,FALSE,FALSE,TRUE
"25","COMPSCI 186","Introduction to Database Systems","Terms offered: Fall 2022, Spring 2022, Fall 2020 Access methods and file systems to facilitate data access. Hierarchical, network, relational, and object-oriented data models. Query languages for models. Embedding query languages in programming languages. Database services including protection, integrity control, and alternative views of data. High-level interfaces including application generators, browsers, and report writers. Introduction to transaction processing. Database system implementation to be done as term project.",4,"Students will receive no credit for Comp Sci 186 after taking Comp Sci 286A.","COMPSCI 61B and COMPSCI 61C",""," 15 weeks - 3 hours of lecture and 1 hour of discussion per week",TRUE,FALSE,FALSE,TRUE
"26","COMPSCI W186","Introduction to Database Systems","Terms offered: Fall 2021, Spring 2021, Spring 2020 Broad introduction to systems for storing, querying, updating and managing large databases. Computer science skills synthesizing viewpoints from low-level systems architecture to high-level modeling and declarative logic. System internals, including the complex details of query optimization and execution, concurrency control, indexing, and memory management. More abstract issues in query languages and data modeling – students are exposed to formal relational languages, SQL, full-text search, entity-relationship modeling, normalization, and physical database design. Recent technological trends in the field, including “Big Data” programming libraries like MapReduce, and distributed key-value stores with various consistency models.",4,"Students will receive no credit for COMPSCI W186 after completing COMPSCI 186. A deficient grade in COMPSCI W186 may be removed by taking COMPSCI 186.","COMPSCI 61B and COMPSCI 61C",""," 15 weeks - 3 hours of web-based lecture and 1 hour of discussion per week",TRUE,FALSE,FALSE,TRUE
"27","COMPSCI 188","Introduction to Artificial Intelligence","Terms offered: Fall 2022, Summer 2022 8 Week Session, Spring 2022 Ideas and techniques underlying the design of intelligent computer systems. Topics include search, game playing, knowledge representation, inference, planning, reasoning under uncertainty, machine learning, robotics, perception, and language understanding.",4,"","COMPSCI 61A, COMPSCI 61B, and COMPSCI 70",""," 15 weeks - 3 hours of lecture and 1 hour of discussion per week",TRUE,FALSE,FALSE,TRUE
"28","DATA 101","Data Engineering","Terms offered: Fall 2022 This course will cover the principles and practices of managing data at scale, with a focus on use cases in data analysis and machine learning. We will cover the entire life cycle of data management and science, ranging from data preparation to exploration, visualization and analysis, to machine learning and collaboration, with a focus on ensuring reliable, scalable operationalization.",4,"","COMPSCI 61B or INFO 206B or equivalent courses in programming with a C- or better, or Pass; AND COMPSCI C100/DATA C100/STAT C100 or COMPSCI 189 or INFO 251 or DATA 144 or equivalent upper-division course in data science with a C- or better, or Pass",""," 15 weeks - 3 hours of lecture and 1 hour of discussion per week",TRUE,FALSE,FALSE,TRUE
"29","DATA 144","Data Mining and Analytics","Terms offered: Fall 2022, Fall 2021, Fall 2020 Data Mining and Analytics introduces students to practical fundamentals of data mining and emerging paradigms of data mining and machine learning with enough theory to aid intuition building. The course is project-oriented, with a project beginning in class every week. The in-class portion of the project is meant to be collaborative and a time for the instructor and GSIs to work closely with project groups to understand the objectives, help work through software logistics, and connect project work to lecture. Lectures will introduce theories, concepts, practical contexts, and algorithms. Students should expect to leave the class with hands-on, contemporary data mining skills they can confidently apply in research and industry.",3,"Students will receive no credit for DATA 144 after completing INFO 154. A deficient grade in DATA 144 may be removed by taking INFO 154.","Data 100 (COMPSCI/STAT C100) recommended",""," 15 weeks - 3 hours of lecture per week",TRUE,FALSE,FALSE,FALSE
"30","ECON 140","Econometrics","Terms offered: Fall 2022, Summer 2022 8 Week Session, Spring 2022 This course provides an introduction to statistical and estimation analysis of economic data, also known as “Econometrics”. It covers topics such as the linear regression model and its estimator, Ordinary Least Squares, as well as extensions such as Instrumental Variables models, panel data models, and time series models. Topics covered in this course are similar to those in 141.",4,"Students will not receive credit for 140 after taking 141.","Econ 1 or 2 or equivalent, Stats 20, 21, W21, 88, 131A, or 135 or equivalent",""," 15 weeks - 3 hours of lecture and 1.5 hours of discussion per week",TRUE,FALSE,FALSE,TRUE
"31","ECON 141","Econometrics (Math Intensive)","Terms offered: Fall 2022, Spring 2022, Fall 2021 This course provides an introduction to statistical and estimation analysis of economic data, also known as “Econometrics”. It covers topics such as the linear regression model and its estimator, Ordinary Least Squares, as well as extensions such as Instrumental Variables models, panel data models, and time series models. While topics covered in this course are similar to those in 140, the treatment in this course is more theoretical and more mathematical.Econometrics (Math Intensive): Read More [+]",4,"Students will not receive credit for 141 after taking 140.","Econ 1 or 2 or equivalent, Stats 20, 21, W21, 88, 131A, or 135 or equivalent, Math 53 and 54 or equivalent",""," 15 weeks - 3 hours of lecture and 1.5 hours of discussion per week",TRUE,FALSE,FALSE,TRUE
"32","EECS 127","Optimization Models in Engineering","Terms offered: Fall 2022, Spring 2022, Fall 2021 This course offers an introduction to optimization models and their applications, ranging from machine learning and statistics to decision-making and control, with emphasis on numerically tractable problems, such as linear or constrained least-squares optimization.",4,"Students will receive no credit for EECS 127 after taking EECS 227AT or Electrical Engineering 127/227AT.","EECS 16A and EECS 16B, or consent of instructor",""," 15 weeks - 3 hours of lecture and 1 hour of discussion per week",TRUE,FALSE,FALSE,TRUE
"33","EL ENG 120","Signals and Systems","Terms offered: Fall 2022, Spring 2022, Fall 2021 Continuous and discrete-time transform analysis techniques with illustrative applications. Linear and time-invariant systems, transfer functions. Fourier series, Fourier transform, Laplace and Z-transforms. Sampling and reconstruction. Solution of differential and difference equations using transforms. Frequency response, Bode plots, stability analysis. Illustrated by analysis of communication systems and feedback control systems.",4,"","EECS 16A and EECS 16B",""," 15 weeks - 4 hours of lecture and 1 hour of recitation per week",TRUE,FALSE,FALSE,FALSE
"34","EL ENG 123","Digital Signal Processing","Terms offered: Spring 2022, Spring 2021, Spring 2020 Discrete time signals and systems: Fourier and Z transforms, DFT, 2-dimensional versions. Digital signal processing topics: flow graphs, realizations, FFT, chirp-Z algorithms, Hilbert transform relations, quantization effects, linear prediction. Digital filter design methods: windowing, frequency sampling, S-to-Z methods, frequency-transformation methods, optimization methods, 2-dimensional filter design.",4,"","EL ENG 120",""," 15 weeks - 3 hours of lecture, 1 hour of discussion, and 1 hour of laboratory per week",TRUE,TRUE,FALSE,TRUE
"35","ENVECON C118","Introductory Applied Econometrics","Terms offered: Fall 2022, Summer 2022 8 Week Session, Spring 2022 Formulation of a research hypothesis and definition of an empirical strategy. Regression analysis with cross-sectional and time-series data; econometric methods for the analysis of qualitative information; hypothesis testing. The techniques of statistical and econometric analysis are developed through applications to a set of case studies and real data in the fields of environmental, resource, and international development economics. Students learn the use of a statistical software for economic data analysis.",4,"","Statistics 2, 20, 21, or equivalent","IAS C118"," 15 weeks - 3 hours of lecture and 1 hour of discussion per week",TRUE,FALSE,FALSE,TRUE
"36","ESPM 174","Design and Analysis of Ecological Research","Terms offered: Spring 2019, Spring 2017, Fall 2014 Surveys major designs and analyses for biological field and laborabory studies. Topics include data distributions; regression; analysis of variance; fixed and random effects; blocking, split plots, and repeated measures; maximum likelihood; Generalized Linear Models; basic computer programming. Relies on math to interpret and manipulate equations supported by computer simulations. Examples include population, ecosystem, behavioral, and evolutionary ecology.",4,"","One year calculus; one semester statistics or consent of instructor",""," 15 weeks - 3 hours of lecture and 1 hour of laboratory per week",TRUE,TRUE,FALSE,FALSE
"37","IAS C118","Introductory Applied Econometrics","Terms offered: Fall 2022, Summer 2022 8 Week Session, Spring 2022 Formulation of a research hypothesis and definition of an empirical strategy. Regression analysis with cross-sectional and time-series data; econometric methods for the analysis of qualitative information; hypothesis testing. The techniques of statistical and econometric analysis are developed through applications to a set of case studies and real data in the fields of environmental, resource, and international development economics. Students learn the use of a statistical software for economic data analysis.",4,"","Statistics 2, 20, 21, or equivalent","ENVECON C118"," 15 weeks - 3 hours of lecture and 1 hour of discussion per week",TRUE,FALSE,FALSE,TRUE
"38","IND ENG 115","Industrial and Commercial Data Systems","Terms offered: Fall 2022, Fall 2021, Fall 2020 Design and implementation of databases, with an emphasis on industrial and commercial applications. Relational algebra, SQL, normalization. Students work in teams with local companies on a database design project. WWW design and queries.",3,"","Upper division standing",""," 15 weeks - 2 hours of lecture and 2 hours of laboratory per week",TRUE,TRUE,FALSE,FALSE
"39","IND ENG 135","Applied Data Science with Venture Applications","Terms offered: Spring 2022, Fall 2021, Spring 2021 This highly-applied course surveys a variety of key of concepts and tools that are useful for designing and building applications that process data signals of information. The course introduces modern open source, computer programming tools, libraries, and code samples that can be used to implement data applications. The mathematical concepts highlighted in this course include filtering, prediction, classification, decision-making, Markov chains, LTI systems, spectral analysis, and frameworks for learning from data. Each math concept is linked to implementation using Python using libraries for math array functions (NumPy), manipulation of tables (Pandas), long term storage (SQL, JSON, CSV files), natural language (NLTK), and ML frameworks.",3,"","Prerequisites include the ability to write code in Python, and a probability or statistics course. This course is ideal for students who have taken COMPSCI C8 / DATA C8 / INFO C8 / STAT C8",""," 15 weeks - 3 hours of lecture per week",TRUE,FALSE,FALSE,FALSE
"40","IND ENG 165","Engineering Statistics, Quality Control, and Forecasting","Terms offered: Spring 2022, Spring 2021, Spring 2020 This course will introduce students to basic statistical techniques such as parameter estimation, hypothesis testing, regression analysis, analysis of variance. Applications in forecasting and quality control.",4,"Students will receive no credit for IND ENG 165 after completing STAT 135.","IND ENG 172, or STAT 134, or an equivalent course in probability theory",""," 15 weeks - 3 hours of lecture and 1 hour of discussion per week",TRUE,FALSE,FALSE,TRUE
"41","IND ENG 173","Introduction to Stochastic Processes","Terms offered: Spring 2022, Spring 2021, Spring 2020 This is an introductory course in stochastic models. It builds upon a basic course in probability theory and extends the concept of a single random variable into collections of random variables known as stochastic processes. The course focuses on discrete-time Markov chains, Poisson process, continuous-time Markov chains, and renewal theory. It also discusses applications to queueing theory, risk analysis and reliability theory. Along with the theory, the course covers stochastic simulation techniques that will allow students to go beyond the models and applications discussed in the course.",3,"Students will receive no credit for Ind Eng 173 after taking Ind Eng 161.","Students should have taken a probability course, such as STAT 134 or IND ENG 172, and should have programming experience in Matlab or Python",""," 15 weeks - 2 hours of lecture and 2 hours of discussion per week",TRUE,FALSE,FALSE,TRUE
"42","INFO 159","Natural Language Processing","Terms offered: Spring 2022, Spring 2021, Spring 2020 This course introduces students to natural language processing and exposes them to the variety of methods available for reasoning about text in computational systems. NLP is deeply interdisciplinary, drawing on both linguistics and computer science, and helps drive much contemporary work in text analysis (as used in computational social science, the digital humanities, and computational journalism). We will focus on major algorithms used in NLP for various applications (part-of-speech tagging, parsing, coreference resolution, machine translation) and on the linguistic phenomena those algorithms attempt to model. Students will implement algorithms and create linguistically annotated data on which those algorithms depend.",4,"","Computer Science 61B; Computer Science 70, Computer Science C100, Math 55, Statistics C100, Statistics 134 or Statistics 140; strong programming skills",""," 15 weeks - 3 hours of lecture per week",TRUE,FALSE,FALSE,FALSE
"43","INFO 190","Special Topics in Information","Terms offered: Fall 2020, Fall 2019, Fall 2018 A seminar focusing on topics of current interest. Topics will vary. A seminar paper will be required. Open to students from other departments.",3,"","Consent of instructor",""," 15 weeks - 1-3 hours of seminar per week",FALSE,FALSE,TRUE,FALSE
"44","NUC ENG 175","Methods of Risk Analysis","Terms offered: Fall 2022, Fall 2020, Fall 2018 Methodological approaches for the quantification of technological risk and risk based decision making. Probabilistic safety assessment, human health risks, environmental and ecological risk analysis.",3,"","Upper division standing",""," 15 weeks - 4 hours of lecture per week",TRUE,FALSE,FALSE,FALSE
"45","PHYSICS 188","Bayesian Data Analysis and Machine Learning for Physical Sciences","Terms offered: Fall 2022, Fall 2021, Fall 2020 The course design covers data analysis and machine learning, highlighting their importance to the physical sciences. It covers data analysis with linear and nonlinear regression, logistic regression, and gaussian processes. It covers concepts in machine learning such as unsupervised and supervised regression and classification learning. It develops Bayesian statistics and information theory, covering concepts such as information, entropy, posteriors, MCMC, latent variables, graphical models and hierarchical Bayesian modeling. It covers numerical analysis topics such as integration and ODE, linear algebra, multi-dimensional optimization, and Fourier transforms.",4,"","Physics 77 or Data Science 8 or Computer Science 61A or an introductory Python course, or equivalent, or permission from instructor; Physics 89 or Mathematics 54 or Electrical Engineering 16A/B",""," 15 weeks - 3 hours of lecture and 1 hour of discussion per week",TRUE,FALSE,FALSE,TRUE
"46","STAT 135","Concepts of Statistics","Terms offered: Fall 2022, Summer 2022 8 Week Session, Spring 2022 A comprehensive survey course in statistical theory and methodology. Topics include descriptive statistics, maximum likelihood estimation, non-parametric methods, introduction to optimality, goodness-of-fit tests, analysis of variance, bootstrap and computer-intensive methods and least squares estimation. The laboratory includes computer-based data-analytic applications to science and engineering.",4,"","STAT 134 or STAT 140; and MATH 54, EL ENG 16A, STAT 89A, MATH 110 or equivalent linear algebra. Strongly recommended corerequisite: STAT 133",""," 15 weeks - 3 hours of lecture and 2 hours of laboratory per week",TRUE,TRUE,FALSE,FALSE
"47","STAT 150","Stochastic Processes","Terms offered: Fall 2022, Spring 2022, Fall 2021 Random walks, discrete time Markov chains, Poisson processes. Further topics such as: continuous time Markov chains, queueing theory, point processes, branching processes, renewal theory, stationary processes, Gaussian processes.",3,"","101 or 103A or 134",""," 15 weeks - 3 hours of lecture per week",TRUE,FALSE,FALSE,FALSE
"48","STAT 151A","Linear Modelling: Theory and Applications","Terms offered: Fall 2022, Fall 2021, Spring 2021 A coordinated treatment of linear and generalized linear models and their application. Linear regression, analysis of variance and covariance, random effects, design and analysis of experiments, quality improvement, log-linear models for discrete multivariate data, model selection, robustness, graphical techniques, productive use of computers, in-depth case studies.",4,"","STAT 102 or STAT 135. STAT 133 recommended",""," 15 weeks - 3 hours of lecture and 2 hours of laboratory per week",TRUE,TRUE,FALSE,FALSE
"49","STAT 152","Sampling Surveys","Terms offered: Spring 2020, Spring 2019, Spring 2018 Theory and practice of sampling from finite populations. Simple random, stratified, cluster, and double sampling. Sampling with unequal probabilities. Properties of various estimators including ratio, regression, and difference estimators. Error estimation for complex samples.",4,"","101 or 134. 133 and 135 recommended",""," 15 weeks - 3 hours of lecture and 2 hours of laboratory per week",TRUE,TRUE,FALSE,FALSE
"50","STAT 153","Introduction to Time Series","Terms offered: Fall 2022, Spring 2022, Fall 2021 An introduction to time series analysis in the time domain and spectral domain. Topics will include: estimation of trends and seasonal effects, autoregressive moving average models, forecasting, indicators, harmonic analysis, spectra.",4,"","101, 134 or consent of instructor. 133 or 135 recommended",""," 15 weeks - 3 hours of lecture and 2 hours of laboratory per week",TRUE,TRUE,FALSE,FALSE
"51","STAT 158","The Design and Analysis of Experiments","Terms offered: Spring 2021, Spring 2020, Spring 2019 An introduction to the design and analysis of experiments. This course covers planning, conducting, and analyzing statistically designed experiments with an emphasis on hands-on experience. Standard designs studied include factorial designs, block designs, latin square designs, and repeated measures designs. Other topics covered include the principles of design, randomization, ANOVA, response surface methodoloy, and computer experiments.",4,"","Statistics 134 and 135 or consent of instructor. Statistics 135 may be taken concurrently. Statistics 133 is recommended",""," 15 weeks - 3 hours of lecture and 2 hours of laboratory per week",TRUE,TRUE,FALSE,FALSE
"52","STAT 159","Reproducible and Collaborative Statistical Data Science","Terms offered: Spring 2022, Spring 2021, Fall 2018 A project-based introduction to statistical data analysis. Through case studies, computer laboratories, and a term project, students will learn practical techniques and tools for producing statistically sound and appropriate, reproducible, and verifiable computational answers to scientific questions. Course emphasizes version control, testing, process automation, code review, and collaborative programming. Software tools may include Bash, Git, Python, and LaTeX.",4,"","Statistics 133, Statistics 134, and Statistics 135 (or equivalent)",""," 15 weeks - 3 hours of lecture and 2 hours of laboratory per week",TRUE,TRUE,FALSE,FALSE
"53","UGBA 147","Special Topics in Operations and Information Technology Management","Terms offered: Summer 2022 First 6 Week Session, Spring 2022, Summer 2021 First 6 Week Session A variety of topics in manufacturing and information technology with emphasis on current problems and research.",4,"","",""," 15 weeks - 1-4 hours of lecture per week",TRUE,FALSE,FALSE,FALSE
"54","DATA C140","Probability for Data Science","Terms offered: Fall 2022, Spring 2022, Fall 2021, Spring 2021 An introduction to probability, emphasizing the combined use of mathematics and programming to solve problems. Random variables, discrete and continuous families of distributions. Bounds and approximations. Dependence, conditioning, Bayes methods. Convergence, Markov chains. Least squares prediction. Random permutations, symmetry, order statistics. Use of numerical computation, graphics, simulation, and computer algebra.",4,"Students will receive no credit for STAT C140 after completing STAT 134. A deficient grade in STAT C140 may be removed by taking STAT 134.","Statistics/Computer Science/Information C8, or Statistics/Computer Science C100, or both Stat 20 and Computer Science 61A; and one year of calculus at the level of Mathematics 1A-1B or higher. Corequisite: Mathematics 54, Electrical Engineering 16A, Statistics 89A, Mathematics 110 or equivalent linear algebra","STAT C140"," 15 weeks - 3 hours of lecture, 2 hours of discussion, and 1 hour of supplement per week",TRUE,FALSE,FALSE,TRUE
"55","EL ENG 126","Probability and Random Processes","Terms offered: Spring 2017, Fall 2016, Spring 2016 This course covers the fundamentals of probability and random processes useful in fields such as networks, communication, signal processing, and control. Sample space, events, probability law. Conditional probability. Independence. Random variables. Distribution, density functions. Random vectors. Law of large numbers. Central limit theorem. Estimation and detection. Markov chains.",4,"","EECS 16A and EECS 16B",""," 15 weeks - 3 hours of lecture and 1 hour of discussion per week",TRUE,FALSE,FALSE,TRUE
"56","IND ENG 172","Probability and Risk Analysis for Engineers","Terms offered: Fall 2022, Spring 2022, Fall 2021 This is an introductory course in probability designed to develop a good understanding of uncertain phenomena and the mathematical tools used to model and analyze it. Applications will be given in such areas as reliability theory, risk theory, inventory theory, financial models, and computer science, among others. To complement the theory, the course also covers the basics of stochastic simulation. This course is a probability course and cannot be used to fulfill any engineering unit or elective requirements.",4,"Students will receive no credit for IND ENG 172 after completing STAT 134, or STAT 140. A deficient grade in IND ENG 172 may be removed by taking STAT 140.","Students should have a solid knowledge of calculus, including multiple variable integration, such as MATH 1A and MATH 1B or MATH 16A and MATH 16B, as well as programming experience in Matlab or Python",""," 15 weeks - 3 hours of lecture and 1 hour of discussion per week",TRUE,FALSE,FALSE,TRUE
"57","STAT 134","Concepts of Probability","Terms offered: Fall 2022, Summer 2022 8 Week Session, Spring 2022 An introduction to probability, emphasizing concepts and applications. Conditional expectation, independence, laws of large numbers. Discrete and continuous random variables. Central limit theorem. Selected topics such as the Poisson process, Markov chains, characteristic functions.",4,"Students will not receive credit for 134 after taking 140 or 201A.","One year of calculus",""," 15 weeks - 3 hours of lecture and 2 hours of discussion per week",TRUE,FALSE,FALSE,TRUE
"58","COMPSCI 182","Designing, Visualizing and Understanding Deep Neural Networks","Terms offered: Fall 2022, Spring 2022, Spring 2019 Deep Networks have revolutionized computer vision, language technology, robotics and control. They have growing impact in many other areas of science and engineering. They do not however, follow a closed or compact set of theoretical principles. In Yann Lecun's words they require ""an interplay between intuitive insights, theoretical modeling, practical implementations, empirical studies, and scientific analyses."" This course attempts to cover that ground.",4,"Students will receive no credit for COMPSCI 182 after completing COMPSCI W182, or COMPSCI L182. A deficient grade in COMPSCI 182 may be removed by taking COMPSCI W182, or COMPSCI L182.","MATH 53, MATH 54, and COMPSCI 61B; COMPSCI 70 or STAT 134; COMPSCI 189 is recommended",""," 15 weeks - 3 hours of lecture and 1 hour of discussion per week",TRUE,FALSE,FALSE,TRUE
"59","COMPSCI 189","Introduction to Machine Learning","Terms offered: Fall 2022, Spring 2022, Fall 2021 Theoretical foundations, algorithms, methodologies, and applications for machine learning. Topics may include supervised methods for regression and classication (linear models, trees, neural networks, ensemble methods, instance-based methods); generative and discriminative probabilistic models; Bayesian parametric learning; density estimation and clustering; Bayesian networks; time series models; dimensionality reduction; programming projects covering a variety of real-world applications.",4,"Students will receive no credit for Comp Sci 189 after taking Comp Sci 289A.","MATH 53 and MATH 54; and COMPSCI 70 or consent of instructor",""," 15 weeks - 3 hours of lecture and 1 hour of discussion per week",TRUE,FALSE,FALSE,TRUE
"60","DATA C102","Data, Inference, and Decisions","Terms offered: Fall 2022, Spring 2022, Fall 2021 This course develops the probabilistic foundations of inference in data science, and builds a comprehensive view of the modeling and decision-making life cycle in data science including its human, social, and ethical implications. Topics include: frequentist and Bayesian decision-making, permutation testing, false discovery rate, probabilistic interpretations of models, Bayesian hierarchical models, basics of experimental design, confidence intervals, causal inference, Thompson sampling, optimal control, Q-learning, differential privacy, clustering algorithms, recommendation systems and an introduction to machine learning tools including decision trees, neural networks and ensemble methods.",4,"Students will receive no credit for DATA C102 after completing STAT 102, or DATA 102. A deficient grade in DATA C102 may be removed by taking STAT 102, STAT 102, or DATA 102.","Mathematics 54 or Mathematics 110 or Statistics 89A or Physics 89 or both of Electrical Engineering and Computer Science 16A and Electrical Engineering and Computer Science 16B; Statistics/Computer Science C100; and any of Electrical Engineering and Computer Science 126, Statistics 140, Statistics 134, Industrial Engineering and Operations Research 172. Statistics 140 or Electrical Engineering and Computer Science 126 are preferred","STAT C102"," 15 weeks - 3 hours of lecture, 1 hour of discussion, and 1 hour of laboratory per week",TRUE,TRUE,FALSE,TRUE
"61","IND ENG 142","Introduction to Machine Learning and Data Analytics","Terms offered: Fall 2022, Spring 2022, Fall 2021 This course introduces students to key techniques in machine learning and data analytics through a diverse set of examples using real datasets from domains such as e-commerce, healthcare, social media, sports, the Internet, and more. Through these examples, exercises in R, and a comprehensive team project, students will gain experience understanding and applying techniques such as linear regression, logistic regression, classification and regression trees, random forests, boosting, text mining, data cleaning and manipulation, data visualization, network analysis, time series modeling, clustering, principal component analysis, regularization, and large-scale learning.",3,"","IEOR 165 or equivalent course in statistics. Prior exposure to optimization is helpful but not strictly necessary. Some programming experience/literacy is expected",""," 15 weeks - 3 hours of lecture and 1 hour of discussion per week",TRUE,FALSE,FALSE,TRUE
"62","STAT 154","Modern Statistical Prediction and Machine Learning","Terms offered: Fall 2022, Spring 2022, Fall 2021 Theory and practice of statistical prediction. Contemporary methods as extensions of classical methods. Topics: optimal prediction rules, the curse of dimensionality, empirical risk, linear regression and classification, basis expansions, regularization, splines, the bootstrap, model selection, classification and regression trees, boosting, support vector machines. Computational efficiency versus predictive performance. Emphasis on experience with real data and assessing statistical assumptions.",4,"","Mathematics 53 or equivalent; Mathematics 54, Electrical Engineering 16A, Statistics 89A, Mathematics 110 or equivalent linear algebra; Statistics 135 or equivalent; experience with some programming language. Recommended prerequisite: Mathematics 55 or equivalent exposure to counting arguments",""," 15 weeks - 3 hours of lecture and 2 hours of laboratory per week",TRUE,TRUE,FALSE,FALSE
"63","AFRICAM 134","Information Technology and Society","Terms offered: Fall 2021, Fall 2020, Fall 2019 This course assesses the role of information technology in the digitalization of society by focusing on the deployment of e-government, e-commerce, e-learning, the digital city, telecommuting, virtual communities, Internet time, the virtual office, and the geography of cyberspace. Course will also discuss the role of information technology in the governance and economic development of society.",4,"","",""," 15 weeks - 3 hours of lecture per week",TRUE,FALSE,FALSE,FALSE
"64","AFRICAM C134","Information Technology and Society","Terms offered: Fall 2017, Fall 2016, Fall 2015, Fall 2014 This course assesses the role of information technology in the digitalization of society by focusing on the deployment of e-government, e-commerce, e-learning, the digital city, telecommuting, virtual communities, internet time, the virtual office, and the geography of cyber space. The course will also discuss the role of information technology in the governance and economic development of society.",4,"","","AMERSTD C134"," 15 weeks - 3 hours of lecture per week",TRUE,FALSE,FALSE,FALSE
"65","BIO ENG 100","Ethics in Science and Engineering","Terms offered: Spring 2022, Fall 2021, Spring 2021 The goal of this semester course is to present the issues of professional conduct in the practice of engineering, research, publication, public and private disclosures, and in managing professional and financial conflicts. The method is through historical didactic presentations, case studies, presentations of methods for problem solving in ethical matters, and classroom debates on contemporary ethical issues. The faculty will be drawn from national experts and faculty from religious studies, journalism, and law from the UC Berkeley campus.",3,"","",""," 15 weeks - 3 hours of lecture and 1 hour of discussion per week",TRUE,FALSE,FALSE,TRUE
"66","CY PLAN 101","Introduction to Urban Data Analytics","Terms offered: Summer 2022 8 Week Session, Summer 2021 8 Week Session, Spring 2021 This course (1) provides a basic intro to census and economic data collection, processing, and analysis; (2) surveys forecasting and modeling techniques in planning; (3) demonstrates the uses of real-time urban data and analytics; and (4) provides a socio-economic-political context for the smart cities movement, focusing on data ethics and governance.",4,"","Upper division standing",""," 15 weeks - 3 hours of lecture and 1.5 hours of laboratory per week",TRUE,TRUE,FALSE,FALSE
"67","DATA C104","Human Contexts and Ethics of Data - DATA/History/STS","Terms offered: Fall 2022, Spring 2022, Fall 2021, Fall 2020, Spring 2020 This course teaches you to use the tools of applied historical thinking and Science, Technology, and Society (STS) to recognize, analyze, and shape the human contexts and ethics of data. It addresses key topics such as doing ethical data science amid shifting definitions of human subjects, consent, and privacy; the changing relationship between data, democracy, and law; the role of data analytics in how corporations and governments provide public goods such as health and security to citizens; sensors, machine learning and artificial intelligence and changing landscapes of labor, industry, and city life. It prepares you to engage as a knowledgeable and responsible citizen and professional in the varied arenas of our datafied world.",4,"Students will receive no credit for DATA C104\HISTORY C184D\STS C104D after completing DATA 104. A deficient grade in DATA C104\HISTORY C184D\STS C104D may be removed by taking DATA 104.","","HISTORY C184D/STS C104D"," 15 weeks - 3-3 hours of lecture and 0-1.5 hours of discussion per week",TRUE,FALSE,FALSE,TRUE
"68","DIGHUM 100","Theory and Method in the Digital Humanities","Terms offered: Summer 2022 First 6 Week Session, Summer 2021 First 6 Week Session, Summer 2020 First 6 Week Session In this course, we will evaluate a variety of digital humanities projects through theoretical scholarship in the field, in order to critically assess the value of the new knowledge that is being generated, and to weigh that knowledge in terms of traditional humanities methods. We will explore the fundamental arguments that are being advanced about these new methods and how they interact with humanities’ interpretive underpinnings. This course will prepare students to apply digital methods in ethical, reflective, and responsible ways—understanding the potentials of the digital within the humanities.",3,"","","","",FALSE,FALSE,FALSE,FALSE
"69","INFO 188","Behind the Data: Humans and Values","Terms offered: Fall 2022, Fall 2021, Fall 2020 This course blends social and historical perspectives on data with ethics, law, policy, and case examples to help students understand current ethical and legal issues in data science and machine learning. Legal, ethical, and policy-related concepts addressed include: research ethics; privacy and surveillance; bias and discrimination; and oversight and accountability. These issues will be addressed throughout the lifecycle of data--from collection to storage to analysis and application. The course emphasizes strategies, processes, and tools for attending to ethical and legal issues in data science work. Course assignments emphasize researcher and practitioner reflexivity, allowing students to explore their own social and ethical commitments.",3,"","",""," 15 weeks - 3 hours of lecture per week",TRUE,FALSE,FALSE,FALSE
"70","ISF 100J","The Social Life of Computing","Terms offered: Spring 2022, Spring 2021, Fall 2018 In this class, we will look at computing as a social phenomenon: to see it not just as a technology that transforms but to see it as a technology that has evolved, and is being put to use, in very particular ways, by particular groups of people. We will be doing this by employing a variety of methods, primarily historical and ethnographic, oriented around a study of practices. We will pay attention to technical details but ground these technical details in social organization (a term whose meaning should become clearer and clearer as the class progresses). We will study the social organization of computing around different kinds of hardware, software, ideologies, and ideas.",4,"","",""," 15 weeks - 3 hours of lecture per week",TRUE,FALSE,FALSE,FALSE
"71","NWMEDIA 151AC","Transforming Tech: Issues and Interventions in STEM and Silicon Valley","Terms offered: Fall 2020 In this course, we will study major tech industry controversies and heavily criticized tech products, policies, and effects, including technologies used at the U.S.-Mexico border, social media platforms’ spread of disinformation and fake news, racial bias in algorithms, and internet trolling and harassment. We will also examine tech companies’ long-running tendency to exclude women and non-Asian minorities, and how tech workers have occasionally come under fire for the industry’s harms. Students will be required to brainstorm and design their own interventions into the workings of the tech sector to make it more inclusive, equitable, and diverse.",4,"","",""," 15 weeks - 3 hours of lecture and 1 hour of discussion per week",TRUE,FALSE,FALSE,TRUE
"72","PHILOS 121","Moral Questions of Data Science","Terms offered: Spring 2022, Spring 2021, Spring 2019 This course explores, from a philosophical perspective, ethical questions arising from collecting, drawing inferences from, and acting on data, especially when these activities are automated and at a large scale. Topics include: bias, fairness, discrimination, interpretability, privacy, paternalism, freedom of speech, and democracy. Three hours of lecture and one hour of discussion per week.",4,"","Prior coursework in philosophy will be helpful, but is not required",""," 15 weeks - 3 hours of lecture and 1 hour of discussion per week",TRUE,FALSE,FALSE,TRUE
"73","PB HLTH C160","Environmental Health and Development","Terms offered: Summer 2022 Second 6 Week Session, Spring 2022, Summer 2021 Second 6 Week Session The health effects of environmental alterations caused by development programs and other human activities in both developing and developed areas. Case studies will contextualize methodological information and incorporate a global perspective on environmentally mediated diseases in diverse populations. Topics include water management; population change; toxics; energy development; air pollution; climate change; chemical use, etc.",4,"Students will receive no credit for ESPM C167 after completing ESPM 167.","","ESPM C167"," 15 weeks - 3 hours of lecture and 1 hour of discussion per week",TRUE,FALSE,FALSE,TRUE
